{
    "image": "snap_1768839700.jpg",
    "timestamp": 1768839700,
    "exposure_sec": 0.0,
    "pose_quaternion_wxyz": [
        0.6891314276171643,
        -0.16982612645238843,
        -0.6922823358842624,
        -0.13039221474894863
    ],
    "accel_ms2": {
        "x": 9.8859465719,
        "y": -0.5300102059,
        "z": -0.1603191142
    }
}