{
    "image": "snap_1768838426.jpg",
    "timestamp": 1768838426,
    "exposure_sec": 0.0,
    "pose_quaternion_wxyz": [
        -0.1653497969888406,
        -0.16118161951015558,
        0.725540235707357,
        -0.6482833458739667
    ],
    "accel_ms2": {
        "x": 4.3776689467,
        "y": -8.653642932899999,
        "z": -1.0217352502000001
    }
}