{
    "image": "snap_1771095549.jpg",
    "timestamp": 1771095549,
    "exposure_sec": 0.0,
    "pose_quaternion_wxyz": [
        0.6153193316370952,
        0.42273771875037114,
        -0.34083543815003775,
        -0.5714071625036583
    ],
    "accel_ms2": {
        "x": -0.6281159325,
        "y": 8.975477572600001,
        "z": 4.0474594279
    }
}