{
    "image": "snap_1768838439.jpg",
    "timestamp": 1768838439,
    "exposure_sec": 0.0,
    "pose_quaternion_wxyz": [
        0.08036257592242492,
        -0.5397470601711087,
        0.837329761470782,
        0.0330732215401143
    ],
    "accel_ms2": {
        "x": -1.6498511827,
        "y": -0.3038884702,
        "z": -9.5425765288
    }
}