{
    "image": "snap_1773963870.jpg",
    "timestamp": 1773963870,
    "exposure_sec": 0.0,
    "pose_quaternion_wxyz": [
        0.5073931730585611,
        -0.0017781780485074759,
        -0.01750744118608385,
        -0.8615349647689925
    ],
    "accel_ms2": {
        "x": 0.2117648001,
        "y": 0.2883351233,
        "z": 10.159924759599999
    }
}