{
    "image": "snap_1768838433.jpg",
    "timestamp": 1768838433,
    "exposure_sec": 0.0,
    "pose_quaternion_wxyz": [
        -0.056050016532028756,
        0.539185307530927,
        -0.8364676157529711,
        -0.08037118629259528
    ],
    "accel_ms2": {
        "x": -1.7383856189,
        "y": 0.7130611348,
        "z": -9.4492564474
    }
}