{
    "image": "snap_1768838454.jpg",
    "timestamp": 1768838454,
    "exposure_sec": 0.0,
    "pose_quaternion_wxyz": [
        0.5027139894903987,
        -0.5061438438180371,
        0.5662926492026337,
        0.4128070852042301
    ],
    "accel_ms2": {
        "x": -9.3116691479,
        "y": -0.3900300838,
        "z": -1.4500504956
    }
}