{
    "image": "snap_1771095566.jpg",
    "timestamp": 1771095566,
    "exposure_sec": 0.0,
    "pose_quaternion_wxyz": [
        0.5988871086292291,
        0.4171672540701644,
        -0.3341275180411955,
        -0.5963761522201498
    ],
    "accel_ms2": {
        "x": -0.9631110964999999,
        "y": 8.8845503138,
        "z": 4.2400816472
    }
}