{
    "image": "snap_1768839629.jpg",
    "timestamp": 1768839629,
    "exposure_sec": 0.0,
    "pose_quaternion_wxyz": [
        0.6863461409858256,
        -0.1810166333645279,
        -0.6900967623751578,
        -0.14116802668650674
    ],
    "accel_ms2": {
        "x": 9.8871429832,
        "y": -0.5312066172,
        "z": -0.1782652837
    }
}