{
    "image": "snap_1773962192.jpg",
    "timestamp": 1773962192,
    "exposure_sec": 0.0,
    "pose_quaternion_wxyz": [
        0.4975821948968781,
        -0.0006019920677376427,
        -0.014425959940447175,
        -0.8672966554800913
    ],
    "accel_ms2": {
        "x": 0.1531406464,
        "y": 0.24287149389999999,
        "z": 9.9397850804
    }
}