{
    "image": "snap_1768838442.jpg",
    "timestamp": 1768838442,
    "exposure_sec": 0.0,
    "pose_quaternion_wxyz": [
        0.48927015599760665,
        -0.5190184115949421,
        0.5552038917465658,
        0.4277654047080111
    ],
    "accel_ms2": {
        "x": -9.6622176588,
        "y": -0.3218346397,
        "z": -1.519442351
    }
}