{
    "image": "snap_1773962217.jpg",
    "timestamp": 1773962217,
    "exposure_sec": 0.0,
    "pose_quaternion_wxyz": [
        0.4997797348105166,
        0.015287203028327045,
        -0.04647751618225683,
        -0.8647695407366223
    ],
    "accel_ms2": {
        "x": 0.1950150419,
        "y": 0.9320044027,
        "z": 9.6957171752
    }
}