{
    "image": "snap_1771095508.jpg",
    "timestamp": 1771095508,
    "exposure_sec": 0.0,
    "pose_quaternion_wxyz": [
        0.6115791814776996,
        0.41934041674407213,
        -0.3559554672188676,
        -0.5687004703927827
    ],
    "accel_ms2": {
        "x": -0.40917266459999996,
        "y": 9.0341017263,
        "z": 3.8871403137
    }
}