{
    "image": "snap_1773961317.jpg",
    "timestamp": 1773961317,
    "exposure_sec": 0.0,
    "pose_quaternion_wxyz": [
        0.49478785726292646,
        0.001458447007394727,
        -0.024951268395859164,
        -0.8686542945515933
    ],
    "accel_ms2": {
        "x": 0.2225325018,
        "y": 0.44985064880000003,
        "z": 10.030712339199999
    }
}