{
    "image": "snap_1768838104.jpg",
    "timestamp": 1768838104,
    "exposure_sec": 0.0,
    "pose_quaternion_wxyz": [
        0.519163451136651,
        0.11894935354649896,
        -0.7984747945853081,
        -0.28063920735831255
    ],
    "accel_ms2": {
        "x": 7.5206414318,
        "y": 5.6398828682,
        "z": -2.9934210726
    }
}