{
    "image": "snap_1773962198.jpg",
    "timestamp": 1773962198,
    "exposure_sec": 0.0,
    "pose_quaternion_wxyz": [
        0.5007528354331499,
        -0.0027418487849106125,
        -0.004160646313475982,
        -0.8655759753442535
    ],
    "accel_ms2": {
        "x": 0.09092725880000001,
        "y": 0.045463629400000004,
        "z": 10.200602743800001
    }
}