{
    "image": "snap_1771720771.jpg",
    "timestamp": 1771720771,
    "exposure_sec": 0.0,
    "pose_quaternion_wxyz": [
        -0.5607387705979112,
        0.3349464214211092,
        0.7075314430708127,
        0.26978173213112344
    ],
    "accel_ms2": {
        "x": 9.5174518915,
        "y": 0.059820565,
        "z": -2.2037896146
    }
}