{
    "image": "snap_1773961292.jpg",
    "timestamp": 1773961292,
    "exposure_sec": 0.0,
    "pose_quaternion_wxyz": [
        0.4961537173379706,
        -0.0021047907630089673,
        -0.019818439826566257,
        -0.868005926287602
    ],
    "accel_ms2": {
        "x": 0.23569302609999998,
        "y": 0.3266202849,
        "z": 10.0989077833
    }
}