{
    "image": "snap_1768838456.jpg",
    "timestamp": 1768838456,
    "exposure_sec": 0.0,
    "pose_quaternion_wxyz": [
        0.6474268359225807,
        -0.3052545963044264,
        0.6944952525536682,
        0.07303744069115659
    ],
    "accel_ms2": {
        "x": -9.497112899400001,
        "y": -2.9563323222999998,
        "z": -1.519442351
    }
}