{
    "image": "snap_1773961309.jpg",
    "timestamp": 1773961309,
    "exposure_sec": 0.0,
    "pose_quaternion_wxyz": [
        0.4955292683841161,
        0.0014487617706360999,
        -0.03306170558657485,
        -0.8679605802614201
    ],
    "accel_ms2": {
        "x": 0.3026920589,
        "y": 0.5886343596,
        "z": 9.9840522985
    }
}