{
    "image": "snap_1768838445.jpg",
    "timestamp": 1768838445,
    "exposure_sec": 0.0,
    "pose_quaternion_wxyz": [
        0.4242804831493395,
        -0.5083009703205675,
        0.749389429744136,
        0.005628301474774028
    ],
    "accel_ms2": {
        "x": -6.2644095668,
        "y": -4.1288153963,
        "z": -6.2476598086
    }
}