{
    "image": "snap_1768838459.jpg",
    "timestamp": 1768838459,
    "exposure_sec": 0.0,
    "pose_quaternion_wxyz": [
        -0.37791192660698825,
        0.6004331636584362,
        -0.5313695468830968,
        -0.4629351967096132
    ],
    "accel_ms2": {
        "x": -9.2171526552,
        "y": 0.3672982691,
        "z": -2.7505495787000003
    }
}