{
    "image": "snap_1768838099.jpg",
    "timestamp": 1768838099,
    "exposure_sec": 0.0,
    "pose_quaternion_wxyz": [
        0.4388487879129006,
        0.40603601084018626,
        -0.7823559726233074,
        0.17454406706905
    ],
    "accel_ms2": {
        "x": 8.1774712355,
        "y": 0.8219345630999999,
        "z": -5.467599641
    }
}