{
    "image": "snap_1768839638.jpg",
    "timestamp": 1768839638,
    "exposure_sec": 0.0,
    "pose_quaternion_wxyz": [
        0.6815341012118385,
        -0.2007045900070153,
        -0.6845476648290756,
        -0.16316688086908748
    ],
    "accel_ms2": {
        "x": 9.8799645154,
        "y": -0.49651068949999994,
        "z": -0.17587246110000002
    }
}