{
    "image_path": "scan_20251221_150953.jpg",
    "timestamp": "20251221_150953",
    "pose_prior": {
        "quaternion_wxyz": [
            0.5129276562245142,
            -0.33290679304600745,
            -0.44250513284565335,
            0.6559477830049429
        ],
        "euler_deg": {
            "roll": -67.2455978749901,
            "pitch": -0.9859540755327879,
            "yaw": 104.60737466923375
        },
        "accel_ms2": {
            "x": 0.1639083481,
            "y": -8.7828553533,
            "z": 3.6837503927
        }
    }
}