{
    "image_path": "scan_20251221_150303.jpg",
    "timestamp": "20251221_150303",
    "pose_prior": {
        "quaternion_wxyz": [
            -0.013346168615460046,
            -0.01303191241198247,
            0.9981289021984094,
            -0.058230092206453934
        ],
        "euler_deg": {
            "roll": -173.3421309986065,
            "pitch": -1.6136677511711062,
            "yaw": -178.59780572929955
        },
        "accel_ms2": {
            "x": 0.2691925425,
            "y": -1.1078768638,
            "z": -9.4911308429
        }
    }
}