{
    "image_path": "scan_20251221_151004.jpg",
    "timestamp": "20251221_151004",
    "pose_prior": {
        "quaternion_wxyz": [
            0.4591936818498644,
            -0.5836601369989655,
            -0.528392605476759,
            0.4114404713989573
        ],
        "euler_deg": {
            "roll": -103.86994325969194,
            "pitch": -0.28569444945135486,
            "yaw": 84.08590314745831
        },
        "accel_ms2": {
            "x": 0.047856452,
            "y": -9.3176512044,
            "z": -2.3006989299
        }
    }
}