{
    "image_path": "scan_20251221_150955.jpg",
    "timestamp": "20251221_150955",
    "pose_prior": {
        "quaternion_wxyz": [
            0.5180902731940751,
            -0.3131031127190483,
            -0.40484246145504926,
            0.6853112366146848
        ],
        "euler_deg": {
            "roll": -61.565079661138384,
            "pitch": 0.5532726778657847,
            "yaw": 105.49238333931257
        },
        "accel_ms2": {
            "x": -0.09690931529999999,
            "y": -8.8247297488,
            "z": 4.7784667322
        }
    }
}