{
    "image_path": "scan_20251221_150956.jpg",
    "timestamp": "20251221_150956",
    "pose_prior": {
        "quaternion_wxyz": [
            0.5253130397318879,
            -0.31522129953199174,
            -0.4153809620640722,
            0.6724138598837267
        ],
        "euler_deg": {
            "roll": -62.856285434837666,
            "pitch": -0.7157420337307407,
            "yaw": 104.44100096086603
        },
        "accel_ms2": {
            "x": 0.12442677519999999,
            "y": -8.8630149104,
            "z": 4.5439701174
        }
    }
}